timestamp,received_timestamp,event,port_number,tag_uid,tag_epc,tag_tid,tag_type,tag_user_data,rssi
1970-01-01T00:01:19.595Z,2026-10-03T13:29:12.076903+00:00,COMING,1,E008017E41A85E9C,,,BIS_VM_TAG_002,1122334455667788,0
1970-01-01T00:01:20.237Z,2026-10-03T13:29:12.716800+00:00,LEAVING,1,E008017E41A85E9C,,,BIS_VM_TAG_002,,0
1970-01-01T00:01:22.573Z,2026-10-03T13:29:15.051307+00:00,COMING,1,E008017E41A85E9C,,,BIS_VM_TAG_002,1122334455667788,0
1970-01-01T00:01:22.918Z,2026-10-03T13:29:15.401491+00:00,LEAVING,1,E008017E41A85E9C,,,BIS_VM_TAG_002,,0
1970-01-01T00:01:25.650Z,2026-10-03T13:29:18.131979+00:00,COMING,1,E008017E41A85E9C,,,BIS_VM_TAG_002,1122334455667788,0
1970-01-01T00:01:26.061Z,2026-10-03T13:29:18.541802+00:00,LEAVING,1,E008017E41A85E9C,,,BIS_VM_TAG_002,,0
1970-01-01T00:01:31.301Z,2026-10-03T13:29:23.783123+00:00,COMING,1,E008017E41A85E9C,,,BIS_VM_TAG_002,1122334455667788,0
1970-01-01T00:01:31.811Z,2026-10-03T13:29:24.291732+00:00,LEAVING,1,E008017E41A85E9C,,,BIS_VM_TAG_002,,0
1970-01-01T00:01:32.431Z,2026-10-03T13:29:24.913167+00:00,COMING,1,E008017E41A85E9C,,,BIS_VM_TAG_002,1122334455667788,0
1970-01-01T00:01:32.743Z,2026-10-03T13:29:25.226078+00:00,LEAVING,1,E008017E41A85E9C,,,BIS_VM_TAG_002,,0
1970-01-01T00:01:33.033Z,2026-10-03T13:29:25.513197+00:00,COMING,1,E008017E41A85E9C,,,BIS_VM_TAG_002,1122334455667788,0
1970-01-01T00:01:33.576Z,2026-10-03T13:29:26.056778+00:00,LEAVING,1,E008017E41A85E9C,,,BIS_VM_TAG_002,,0
1970-01-01T00:01:33.668Z,2026-10-03T13:29:26.147988+00:00,COMING,1,E008017E41A85E9C,,,BIS_VM_TAG_002,1122334455667788,0
1970-01-01T00:01:34.046Z,2026-10-03T13:29:26.526494+00:00,LEAVING,1,E008017E41A85E9C,,,BIS_VM_TAG_002,,0
1970-01-01T00:01:34.643Z,2026-10-03T13:29:27.121525+00:00,COMING,1,E008017E41A85E9C,,,BIS_VM_TAG_002,1122334455667788,0
1970-01-01T00:01:34.790Z,2026-10-03T13:29:27.271754+00:00,LEAVING,1,E008017E41A85E9C,,,BIS_VM_TAG_002,,0
1970-01-01T00:05:14.002Z,2026-10-03T13:33:06.483528+00:00,COMING,1,E008017E41A85E9C,,,BIS_VM_TAG_002,1122334455667788,0
1970-01-01T00:05:14.116Z,2026-10-03T13:33:06.598562+00:00,LEAVING,1,E008017E41A85E9C,,,BIS_VM_TAG_002,,0
1970-01-01T00:05:17.856Z,2026-10-03T13:33:10.338397+00:00,COMING,1,E008017E41A85E9C,,,BIS_VM_TAG_002,1122334455667788,0
1970-01-01T00:05:20.841Z,2026-10-03T13:33:13.323225+00:00,LEAVING,1,E008017E41A85E9C,,,BIS_VM_TAG_002,,0
1970-01-01T00:05:20.966Z,2026-10-03T13:33:13.448705+00:00,COMING,1,E008017E41A85E9C,,,BIS_VM_TAG_002,1122334455667788,0
1970-01-01T00:05:21.410Z,2026-10-03T13:33:13.893994+00:00,LEAVING,1,E008017E41A85E9C,,,BIS_VM_TAG_002,,0
1970-01-01T00:15:44.509Z,2026-10-03T13:43:36.998958+00:00,COMING,1,E008017E41A85E9C,,,BIS_VM_TAG_002,1122334455667788,0
1970-01-01T00:15:46.306Z,2026-10-03T13:43:42.337398+00:00,LEAVING,1,E008017E41A85E9C,,,BIS_VM_TAG_002,,0
1970-01-01T00:15:46.497Z,2026-10-03T13:43:42.341776+00:00,COMING,1,E008017E41A85E9C,,,BIS_VM_TAG_002,1122334455667788,0
1970-01-01T00:15:47.337Z,2026-10-03T13:43:42.345644+00:00,LEAVING,1,E008017E41A85E9C,,,BIS_VM_TAG_002,,0
1970-01-01T00:51:47.885Z,2026-10-03T07:19:40.268535+00:00,COMING,1,E008017E41A85E9C,,,BIS_VM_TAG_002,1122334455667788,0
1970-01-01T00:51:53.576Z,2026-10-03T07:19:45.958442+00:00,LEAVING,1,E008017E41A85E9C,,,BIS_VM_TAG_002,,0
1970-01-01T00:53:26.332Z,2026-10-03T07:21:18.714437+00:00,COMING,1,E008017E41A85E9C,,,BIS_VM_TAG_002,1122334455667788,0
1970-01-01T00:54:32.215Z,2026-10-03T07:22:24.599967+00:00,LEAVING,1,E008017E41A85E9C,,,BIS_VM_TAG_002,,0
1970-01-01T01:13:29.157Z,2026-10-03T07:41:21.551214+00:00,COMING,1,E008017E41A85E9C,,,BIS_VM_TAG_002,1122334455667788,0
1970-01-01T01:14:38.142Z,2026-10-03T07:42:30.536667+00:00,LEAVING,1,E008017E41A85E9C,,,BIS_VM_TAG_002,,0
1970-01-01T01:35:26.502Z,2026-10-03T08:03:18.908163+00:00,COMING,1,E008017E41A85E9C,,,BIS_VM_TAG_002,1122334455667788,0
1970-01-01T01:36:12.756Z,2026-10-03T08:04:05.163366+00:00,LEAVING,1,E008017E41A85E9C,,,BIS_VM_TAG_002,,0
1970-01-01T01:36:13.871Z,2026-10-03T08:04:06.278029+00:00,COMING,1,E008017E41A85E9C,,,BIS_VM_TAG_002,1122334455667701,0
1970-01-01T01:36:18.770Z,2026-10-03T08:04:11.180773+00:00,LEAVING,1,E008017E41A85E9C,,,BIS_VM_TAG_002,,0
1970-01-01T03:54:09.563Z,2026-10-03T10:22:01.965665+00:00,COMING,1,E008017E41A85E9C,,,BIS_VM_TAG_002,1122334455667701,0
1970-01-01T03:54:12.152Z,2026-10-03T10:22:04.555629+00:00,LEAVING,1,E008017E41A85E9C,,,BIS_VM_TAG_002,,0
1970-01-01T04:00:18.054Z,2026-10-03T10:28:10.464467+00:00,COMING,1,E008017E41A85E9C,,,BIS_VM_TAG_002,1122334455667701,0
1970-01-01T04:01:10.506Z,2026-10-03T10:29:02.914954+00:00,LEAVING,1,E008017E41A85E9C,,,BIS_VM_TAG_002,,0
1970-01-01T04:01:22.008Z,2026-10-03T10:29:14.414844+00:00,COMING,1,E008017E41A85E9C,,,BIS_VM_TAG_002,1122334455667701,0
1970-01-01T04:04:15.148Z,2026-10-03T10:32:07.556715+00:00,LEAVING,1,E008017E41A85E9C,,,BIS_VM_TAG_002,,0
1970-01-01T04:04:16.230Z,2026-10-03T10:32:08.641017+00:00,COMING,1,E008017E41A85E9C,,,BIS_VM_TAG_002,1122334455667700,0
1970-01-01T04:04:16.476Z,2026-10-03T10:32:08.886380+00:00,LEAVING,1,E008017E41A85E9C,,,BIS_VM_TAG_002,,0
1970-01-01T04:04:17.591Z,2026-10-03T10:32:10.001617+00:00,COMING,1,E008017E41A85E9C,,,BIS_VM_TAG_002,1122334455667700,0
1970-01-01T04:12:35.180Z,2026-10-03T10:40:27.595731+00:00,LEAVING,1,E008017E41A85E9C,,,BIS_VM_TAG_002,,0
1970-01-01T04:12:37.417Z,2026-10-03T10:40:29.830731+00:00,COMING,1,E008017E41A85E9C,,,BIS_VM_TAG_002,1122334455667700,0
1970-01-01T04:12:37.564Z,2026-10-03T10:40:29.980708+00:00,LEAVING,1,E008017E41A85E9C,,,BIS_VM_TAG_002,,0
1970-01-01T04:12:37.788Z,2026-10-03T10:40:30.200718+00:00,COMING,1,E008017E41A85E9C,,,BIS_VM_TAG_002,1122334455667700,0
1970-01-01T04:12:37.836Z,2026-10-03T10:40:30.250721+00:00,LEAVING,1,E008017E41A85E9C,,,BIS_VM_TAG_002,,0
